<?xml version="1.0"?>
<link_info>
   <banner>MSP430 Linker PC v16.9.4.LTS</banner>
   <copyright>Copyright (c) 2003-2017 Texas Instruments Incorporated</copyright>
   <link_time>0x59d0d130</link_time>
   <link_errors>0x0</link_errors>
   <output_file>Demo.out</output_file>
   <entry_point>
      <name>_c_int00_noinit_noargs_noexit</name>
      <address>0xf800</address>
   </entry_point>
   <input_file_list>
      <input_file id="fl-2">
         <path>.\</path>
         <kind>object</kind>
         <file>main.obj</file>
         <name>main.obj</name>
      </input_file>
      <input_file id="fl-7">
         <kind>object</kind>
         <file>&lt;internal&gt;</file>
         <name>&lt;internal&gt;</name>
      </input_file>
      <input_file id="fl-1d">
         <path>C:\ti\ccsv7\tools\compiler\ti-cgt-msp430_16.9.4.LTS\lib\</path>
         <kind>archive</kind>
         <file>rts430_eabi.lib</file>
         <name>boot.obj</name>
      </input_file>
      <input_file id="fl-1e">
         <path>C:\ti\ccsv7\tools\compiler\ti-cgt-msp430_16.9.4.LTS\lib\</path>
         <kind>archive</kind>
         <file>rts430_eabi.lib</file>
         <name>boot_special.obj</name>
      </input_file>
      <input_file id="fl-1f">
         <path>C:\ti\ccsv7\tools\compiler\ti-cgt-msp430_16.9.4.LTS\lib\</path>
         <kind>archive</kind>
         <file>rts430_eabi.lib</file>
         <name>copy_decompress_lzss.obj</name>
      </input_file>
      <input_file id="fl-20">
         <path>C:\ti\ccsv7\tools\compiler\ti-cgt-msp430_16.9.4.LTS\lib\</path>
         <kind>archive</kind>
         <file>rts430_eabi.lib</file>
         <name>copy_decompress_none.obj</name>
      </input_file>
      <input_file id="fl-21">
         <path>C:\ti\ccsv7\tools\compiler\ti-cgt-msp430_16.9.4.LTS\lib\</path>
         <kind>archive</kind>
         <file>rts430_eabi.lib</file>
         <name>copy_zero_init.obj</name>
      </input_file>
      <input_file id="fl-22">
         <path>C:\ti\ccsv7\tools\compiler\ti-cgt-msp430_16.9.4.LTS\lib\</path>
         <kind>archive</kind>
         <file>rts430_eabi.lib</file>
         <name>epilog.obj</name>
      </input_file>
      <input_file id="fl-23">
         <path>C:\ti\ccsv7\tools\compiler\ti-cgt-msp430_16.9.4.LTS\lib\</path>
         <kind>archive</kind>
         <file>rts430_eabi.lib</file>
         <name>exit.obj</name>
      </input_file>
      <input_file id="fl-24">
         <path>C:\ti\ccsv7\tools\compiler\ti-cgt-msp430_16.9.4.LTS\lib\</path>
         <kind>archive</kind>
         <file>rts430_eabi.lib</file>
         <name>exit_gvars.obj</name>
      </input_file>
      <input_file id="fl-25">
         <path>C:\ti\ccsv7\tools\compiler\ti-cgt-msp430_16.9.4.LTS\lib\</path>
         <kind>archive</kind>
         <file>rts430_eabi.lib</file>
         <name>int02.obj</name>
      </input_file>
      <input_file id="fl-26">
         <path>C:\ti\ccsv7\tools\compiler\ti-cgt-msp430_16.9.4.LTS\lib\</path>
         <kind>archive</kind>
         <file>rts430_eabi.lib</file>
         <name>int03.obj</name>
      </input_file>
      <input_file id="fl-27">
         <path>C:\ti\ccsv7\tools\compiler\ti-cgt-msp430_16.9.4.LTS\lib\</path>
         <kind>archive</kind>
         <file>rts430_eabi.lib</file>
         <name>int08.obj</name>
      </input_file>
      <input_file id="fl-28">
         <path>C:\ti\ccsv7\tools\compiler\ti-cgt-msp430_16.9.4.LTS\lib\</path>
         <kind>archive</kind>
         <file>rts430_eabi.lib</file>
         <name>int09.obj</name>
      </input_file>
      <input_file id="fl-29">
         <path>C:\ti\ccsv7\tools\compiler\ti-cgt-msp430_16.9.4.LTS\lib\</path>
         <kind>archive</kind>
         <file>rts430_eabi.lib</file>
         <name>int10.obj</name>
      </input_file>
      <input_file id="fl-2a">
         <path>C:\ti\ccsv7\tools\compiler\ti-cgt-msp430_16.9.4.LTS\lib\</path>
         <kind>archive</kind>
         <file>rts430_eabi.lib</file>
         <name>int14.obj</name>
      </input_file>
      <input_file id="fl-2b">
         <path>C:\ti\ccsv7\tools\compiler\ti-cgt-msp430_16.9.4.LTS\lib\</path>
         <kind>archive</kind>
         <file>rts430_eabi.lib</file>
         <name>isr_trap.obj</name>
      </input_file>
      <input_file id="fl-2c">
         <path>C:\ti\ccsv7\tools\compiler\ti-cgt-msp430_16.9.4.LTS\lib\</path>
         <kind>archive</kind>
         <file>rts430_eabi.lib</file>
         <name>lsl16.obj</name>
      </input_file>
      <input_file id="fl-2d">
         <path>C:\ti\ccsv7\tools\compiler\ti-cgt-msp430_16.9.4.LTS\lib\</path>
         <kind>archive</kind>
         <file>rts430_eabi.lib</file>
         <name>lsr16.obj</name>
      </input_file>
      <input_file id="fl-2e">
         <path>C:\ti\ccsv7\tools\compiler\ti-cgt-msp430_16.9.4.LTS\lib\</path>
         <kind>archive</kind>
         <file>rts430_eabi.lib</file>
         <name>memcpy.obj</name>
      </input_file>
      <input_file id="fl-2f">
         <path>C:\ti\ccsv7\tools\compiler\ti-cgt-msp430_16.9.4.LTS\lib\</path>
         <kind>archive</kind>
         <file>rts430_eabi.lib</file>
         <name>mpu_init.obj</name>
      </input_file>
      <input_file id="fl-30">
         <path>C:\ti\ccsv7\tools\compiler\ti-cgt-msp430_16.9.4.LTS\lib\</path>
         <kind>archive</kind>
         <file>rts430_eabi.lib</file>
         <name>pre_init.obj</name>
      </input_file>
      <input_file id="fl-31">
         <path>C:\ti\ccsv7\tools\compiler\ti-cgt-msp430_16.9.4.LTS\lib\</path>
         <kind>archive</kind>
         <file>rts430_eabi.lib</file>
         <name>_lock.obj</name>
      </input_file>
      <input_file id="fl-32">
         <path>C:\ti\ccsv7\tools\compiler\ti-cgt-msp430_16.9.4.LTS\lib\</path>
         <kind>archive</kind>
         <file>rts430_eabi.lib</file>
         <name>args_main.obj</name>
      </input_file>
      <input_file id="fl-33">
         <path>C:\ti\ccsv7\tools\compiler\ti-cgt-msp430_16.9.4.LTS\lib\</path>
         <kind>archive</kind>
         <file>rts430_eabi.lib</file>
         <name>autoinit.obj</name>
      </input_file>
      <input_file id="fl-34">
         <path>C:\ti\ccsv7\tools\compiler\ti-cgt-msp430_16.9.4.LTS\lib\</path>
         <kind>archive</kind>
         <file>rts430_eabi.lib</file>
         <name>cpy_tbl.obj</name>
      </input_file>
      <input_file id="fl-35">
         <path>C:\ti\ccsv7\tools\compiler\ti-cgt-msp430_16.9.4.LTS\lib\</path>
         <kind>archive</kind>
         <file>rts430_eabi.lib</file>
         <name>mult16.obj</name>
      </input_file>
      <input_file id="fl-36">
         <path>C:\ti\ccsv7\tools\compiler\ti-cgt-msp430_16.9.4.LTS\lib\</path>
         <kind>archive</kind>
         <file>rts430_eabi.lib</file>
         <name>startup.obj</name>
      </input_file>
   </input_file_list>
   <object_component_list>
      <object_component id="oc-a3">
         <name>.stack</name>
         <uninitialized>true</uninitialized>
         <run_address>0x24c</run_address>
         <size>0x2</size>
         <input_file_ref idref="fl-1d"/>
      </object_component>
      <object_component id="oc-1c6">
         <name>.stack</name>
         <uninitialized>true</uninitialized>
         <run_address>0x24c</run_address>
         <size>0x0</size>
      </object_component>
      <object_component id="oc-74">
         <name>.text:_c_int00_noinit_noargs_noexit</name>
         <load_address>0xf800</load_address>
         <run_address>0xf800</run_address>
         <size>0x12</size>
         <input_file_ref idref="fl-1e"/>
      </object_component>
      <object_component id="oc-fa">
         <name>.text:main</name>
         <load_address>0xf812</load_address>
         <run_address>0xf812</run_address>
         <size>0xa</size>
         <input_file_ref idref="fl-2"/>
      </object_component>
      <object_component id="oc-ce">
         <name>.text:_isr:__TI_ISR_TRAP</name>
         <load_address>0xf81c</load_address>
         <run_address>0xf81c</run_address>
         <size>0x8</size>
         <input_file_ref idref="fl-2b"/>
      </object_component>
      <object_component id="oc-102">
         <name>.text:abort</name>
         <load_address>0xf824</load_address>
         <run_address>0xf824</run_address>
         <size>0x6</size>
         <input_file_ref idref="fl-23"/>
      </object_component>
      <object_component id="oc-da">
         <name>.text:_system_pre_init</name>
         <load_address>0xf82a</load_address>
         <run_address>0xf82a</run_address>
         <size>0x4</size>
         <input_file_ref idref="fl-30"/>
      </object_component>
      <object_component id="oc-190">
         <name>.binit</name>
         <load_address>0xf800</load_address>
         <run_address>0xf800</run_address>
         <size>0x0</size>
      </object_component>
      <object_component id="oc-38">
         <name>.int02</name>
         <load_address>0xffe4</load_address>
         <run_address>0xffe4</run_address>
         <size>0x2</size>
         <input_file_ref idref="fl-25"/>
      </object_component>
      <object_component id="oc-39">
         <name>.int03</name>
         <load_address>0xffe6</load_address>
         <run_address>0xffe6</run_address>
         <size>0x2</size>
         <input_file_ref idref="fl-26"/>
      </object_component>
      <object_component id="oc-3a">
         <name>.int08</name>
         <load_address>0xfff0</load_address>
         <run_address>0xfff0</run_address>
         <size>0x2</size>
         <input_file_ref idref="fl-27"/>
      </object_component>
      <object_component id="oc-3b">
         <name>.int09</name>
         <load_address>0xfff2</load_address>
         <run_address>0xfff2</run_address>
         <size>0x2</size>
         <input_file_ref idref="fl-28"/>
      </object_component>
      <object_component id="oc-3c">
         <name>.int10</name>
         <load_address>0xfff4</load_address>
         <run_address>0xfff4</run_address>
         <size>0x2</size>
         <input_file_ref idref="fl-29"/>
      </object_component>
      <object_component id="oc-3d">
         <name>.int14</name>
         <load_address>0xfffc</load_address>
         <run_address>0xfffc</run_address>
         <size>0x2</size>
         <input_file_ref idref="fl-2a"/>
      </object_component>
      <object_component id="oc-a6">
         <name>.reset</name>
         <load_address>0xfffe</load_address>
         <run_address>0xfffe</run_address>
         <size>0x2</size>
         <input_file_ref idref="fl-1d"/>
      </object_component>
      <object_component id="oc-fb">
         <name>.debug_info</name>
         <load_address>0x0</load_address>
         <run_address>0x0</run_address>
         <size>0xef</size>
         <input_file_ref idref="fl-2"/>
      </object_component>
      <object_component id="oc-bc">
         <name>.debug_info</name>
         <load_address>0xef</load_address>
         <run_address>0xef</run_address>
         <size>0x84</size>
         <input_file_ref idref="fl-2"/>
      </object_component>
      <object_component id="oc-a4">
         <name>.debug_info</name>
         <load_address>0x173</load_address>
         <run_address>0x173</run_address>
         <size>0xf5</size>
         <input_file_ref idref="fl-1d"/>
      </object_component>
      <object_component id="oc-75">
         <name>.debug_info</name>
         <load_address>0x268</load_address>
         <run_address>0x268</run_address>
         <size>0x193</size>
         <input_file_ref idref="fl-1e"/>
      </object_component>
      <object_component id="oc-104">
         <name>.debug_info</name>
         <load_address>0x3fb</load_address>
         <run_address>0x3fb</run_address>
         <size>0x117</size>
         <input_file_ref idref="fl-23"/>
      </object_component>
      <object_component id="oc-d0">
         <name>.debug_info</name>
         <load_address>0x512</load_address>
         <run_address>0x512</run_address>
         <size>0x107</size>
         <input_file_ref idref="fl-2b"/>
      </object_component>
      <object_component id="oc-dc">
         <name>.debug_info</name>
         <load_address>0x619</load_address>
         <run_address>0x619</run_address>
         <size>0x148</size>
         <input_file_ref idref="fl-30"/>
      </object_component>
      <object_component id="oc-1c7">
         <name>.debug_info</name>
         <load_address>0x761</load_address>
         <run_address>0x761</run_address>
         <size>0x9b</size>
      </object_component>
      <object_component id="oc-fe">
         <name>.debug_line</name>
         <load_address>0x0</load_address>
         <run_address>0x0</run_address>
         <size>0x41</size>
         <input_file_ref idref="fl-2"/>
      </object_component>
      <object_component id="oc-bf">
         <name>.debug_line</name>
         <load_address>0x41</load_address>
         <run_address>0x41</run_address>
         <size>0x20</size>
         <input_file_ref idref="fl-2"/>
      </object_component>
      <object_component id="oc-10f">
         <name>.debug_line</name>
         <load_address>0x61</load_address>
         <run_address>0x61</run_address>
         <size>0x2a</size>
         <input_file_ref idref="fl-1d"/>
      </object_component>
      <object_component id="oc-79">
         <name>.debug_line</name>
         <load_address>0x8b</load_address>
         <run_address>0x8b</run_address>
         <size>0x47</size>
         <input_file_ref idref="fl-1e"/>
      </object_component>
      <object_component id="oc-107">
         <name>.debug_line</name>
         <load_address>0xd2</load_address>
         <run_address>0xd2</run_address>
         <size>0x3d</size>
         <input_file_ref idref="fl-23"/>
      </object_component>
      <object_component id="oc-d2">
         <name>.debug_line</name>
         <load_address>0x10f</load_address>
         <run_address>0x10f</run_address>
         <size>0x3d</size>
         <input_file_ref idref="fl-2b"/>
      </object_component>
      <object_component id="oc-df">
         <name>.debug_line</name>
         <load_address>0x14c</load_address>
         <run_address>0x14c</run_address>
         <size>0x3e</size>
         <input_file_ref idref="fl-30"/>
      </object_component>
      <object_component id="oc-ff">
         <name>.debug_frame</name>
         <load_address>0x0</load_address>
         <run_address>0x0</run_address>
         <size>0x39</size>
         <input_file_ref idref="fl-2"/>
      </object_component>
      <object_component id="oc-78">
         <name>.debug_frame</name>
         <load_address>0x39</load_address>
         <run_address>0x39</run_address>
         <size>0x34</size>
         <input_file_ref idref="fl-1e"/>
      </object_component>
      <object_component id="oc-103">
         <name>.debug_frame</name>
         <load_address>0x6d</load_address>
         <run_address>0x6d</run_address>
         <size>0x39</size>
         <input_file_ref idref="fl-23"/>
      </object_component>
      <object_component id="oc-db">
         <name>.debug_frame</name>
         <load_address>0xa6</load_address>
         <run_address>0xa6</run_address>
         <size>0x39</size>
         <input_file_ref idref="fl-30"/>
      </object_component>
      <object_component id="oc-14d">
         <name>.debug_abbrev</name>
         <load_address>0x0</load_address>
         <run_address>0x0</run_address>
         <size>0x52</size>
         <input_file_ref idref="fl-2"/>
      </object_component>
      <object_component id="oc-be">
         <name>.debug_abbrev</name>
         <load_address>0x52</load_address>
         <run_address>0x52</run_address>
         <size>0x1f</size>
         <input_file_ref idref="fl-2"/>
      </object_component>
      <object_component id="oc-10e">
         <name>.debug_abbrev</name>
         <load_address>0x71</load_address>
         <run_address>0x71</run_address>
         <size>0x29</size>
         <input_file_ref idref="fl-1d"/>
      </object_component>
      <object_component id="oc-10c">
         <name>.debug_abbrev</name>
         <load_address>0x9a</load_address>
         <run_address>0x9a</run_address>
         <size>0x58</size>
         <input_file_ref idref="fl-1e"/>
      </object_component>
      <object_component id="oc-14e">
         <name>.debug_abbrev</name>
         <load_address>0xf2</load_address>
         <run_address>0xf2</run_address>
         <size>0x45</size>
         <input_file_ref idref="fl-23"/>
      </object_component>
      <object_component id="oc-127">
         <name>.debug_abbrev</name>
         <load_address>0x137</load_address>
         <run_address>0x137</run_address>
         <size>0x28</size>
         <input_file_ref idref="fl-2b"/>
      </object_component>
      <object_component id="oc-12a">
         <name>.debug_abbrev</name>
         <load_address>0x15f</load_address>
         <run_address>0x15f</run_address>
         <size>0x55</size>
         <input_file_ref idref="fl-30"/>
      </object_component>
      <object_component id="oc-1c8">
         <name>.debug_abbrev</name>
         <load_address>0x1b4</load_address>
         <run_address>0x1b4</run_address>
         <size>0xf</size>
      </object_component>
      <object_component id="oc-c0">
         <name>.debug_str</name>
         <load_address>0x0</load_address>
         <run_address>0x0</run_address>
         <size>0xfa</size>
         <input_file_ref idref="fl-2"/>
      </object_component>
      <object_component id="oc-fc">
         <name>.debug_aranges</name>
         <load_address>0x0</load_address>
         <run_address>0x0</run_address>
         <size>0x20</size>
         <input_file_ref idref="fl-2"/>
      </object_component>
      <object_component id="oc-76">
         <name>.debug_aranges</name>
         <load_address>0x20</load_address>
         <run_address>0x20</run_address>
         <size>0x20</size>
         <input_file_ref idref="fl-1e"/>
      </object_component>
      <object_component id="oc-106">
         <name>.debug_aranges</name>
         <load_address>0x40</load_address>
         <run_address>0x40</run_address>
         <size>0x20</size>
         <input_file_ref idref="fl-23"/>
      </object_component>
      <object_component id="oc-cf">
         <name>.debug_aranges</name>
         <load_address>0x60</load_address>
         <run_address>0x60</run_address>
         <size>0x20</size>
         <input_file_ref idref="fl-2b"/>
      </object_component>
      <object_component id="oc-dd">
         <name>.debug_aranges</name>
         <load_address>0x80</load_address>
         <run_address>0x80</run_address>
         <size>0x20</size>
         <input_file_ref idref="fl-30"/>
      </object_component>
      <object_component id="oc-fd">
         <name>.debug_pubnames</name>
         <load_address>0x0</load_address>
         <run_address>0x0</run_address>
         <size>0x1b</size>
         <input_file_ref idref="fl-2"/>
      </object_component>
      <object_component id="oc-a5">
         <name>.debug_pubnames</name>
         <load_address>0x1b</load_address>
         <run_address>0x1b</run_address>
         <size>0x1d</size>
         <input_file_ref idref="fl-1d"/>
      </object_component>
      <object_component id="oc-77">
         <name>.debug_pubnames</name>
         <load_address>0x38</load_address>
         <run_address>0x38</run_address>
         <size>0x34</size>
         <input_file_ref idref="fl-1e"/>
      </object_component>
      <object_component id="oc-105">
         <name>.debug_pubnames</name>
         <load_address>0x6c</load_address>
         <run_address>0x6c</run_address>
         <size>0x1c</size>
         <input_file_ref idref="fl-23"/>
      </object_component>
      <object_component id="oc-d1">
         <name>.debug_pubnames</name>
         <load_address>0x88</load_address>
         <run_address>0x88</run_address>
         <size>0x2b</size>
         <input_file_ref idref="fl-2b"/>
      </object_component>
      <object_component id="oc-de">
         <name>.debug_pubnames</name>
         <load_address>0xb3</load_address>
         <run_address>0xb3</run_address>
         <size>0x27</size>
         <input_file_ref idref="fl-30"/>
      </object_component>
      <object_component id="oc-bd">
         <name>.debug_pubtypes</name>
         <load_address>0x0</load_address>
         <run_address>0x0</run_address>
         <size>0xed</size>
         <input_file_ref idref="fl-2"/>
      </object_component>
   </object_component_list>
   <logical_group_list>
      <logical_group id="lg-2" display="no" color="cyan">
         <name>.bss</name>
         <run_address>0x0</run_address>
         <size>0x0</size>
         <contents>
         </contents>
      </logical_group>
      <logical_group id="lg-3" display="no" color="cyan">
         <name>.data</name>
         <run_address>0x0</run_address>
         <size>0x0</size>
         <contents>
         </contents>
      </logical_group>
      <logical_group id="lg-4" display="no" color="cyan">
         <name>.TI.noinit</name>
         <run_address>0x0</run_address>
         <size>0x0</size>
         <contents>
         </contents>
      </logical_group>
      <logical_group id="lg-5" display="no" color="cyan">
         <name>.sysmem</name>
         <run_address>0x0</run_address>
         <size>0x0</size>
         <contents>
         </contents>
      </logical_group>
      <logical_group id="lg-6" display="no" color="cyan">
         <name>.stack</name>
         <run_address>0x24c</run_address>
         <size>0x32</size>
         <contents>
            <object_component_ref idref="oc-a3"/>
            <object_component_ref idref="oc-1c6"/>
         </contents>
      </logical_group>
      <logical_group id="lg-7" display="no" color="cyan">
         <name>.text</name>
         <load_address>0xf800</load_address>
         <run_address>0xf800</run_address>
         <size>0x2e</size>
         <contents>
            <object_component_ref idref="oc-74"/>
            <object_component_ref idref="oc-fa"/>
            <object_component_ref idref="oc-ce"/>
            <object_component_ref idref="oc-102"/>
            <object_component_ref idref="oc-da"/>
         </contents>
      </logical_group>
      <logical_group id="lg-8" display="no" color="cyan">
         <name>.cinit</name>
         <run_address>0x0</run_address>
         <size>0x0</size>
         <contents>
         </contents>
      </logical_group>
      <logical_group id="lg-9" display="no" color="cyan">
         <name>.const</name>
         <run_address>0x0</run_address>
         <size>0x0</size>
         <contents>
         </contents>
      </logical_group>
      <logical_group id="lg-a" display="no" color="cyan">
         <name>.cio</name>
         <run_address>0x0</run_address>
         <size>0x0</size>
         <contents>
         </contents>
      </logical_group>
      <logical_group id="lg-b" display="no" color="cyan">
         <name>.pinit</name>
         <run_address>0x0</run_address>
         <size>0x0</size>
         <contents>
         </contents>
      </logical_group>
      <logical_group id="lg-c" display="no" color="cyan">
         <name>.binit</name>
         <load_address>0xf800</load_address>
         <run_address>0xf800</run_address>
         <size>0x0</size>
         <contents>
            <object_component_ref idref="oc-190"/>
         </contents>
      </logical_group>
      <logical_group id="lg-d" display="no" color="cyan">
         <name>.init_array</name>
         <run_address>0x0</run_address>
         <size>0x0</size>
         <contents>
         </contents>
      </logical_group>
      <logical_group id="lg-e" display="no" color="cyan">
         <name>.mspabi.exidx</name>
         <run_address>0x0</run_address>
         <size>0x0</size>
         <contents>
         </contents>
      </logical_group>
      <logical_group id="lg-f" display="no" color="cyan">
         <name>.mspabi.extab</name>
         <run_address>0x0</run_address>
         <size>0x0</size>
         <contents>
         </contents>
      </logical_group>
      <logical_group id="lg-10" display="no" color="cyan">
         <name>.TI.ramfunc</name>
         <run_address>0x0</run_address>
         <size>0x0</size>
         <contents>
         </contents>
      </logical_group>
      <logical_group id="lg-11" display="no" color="cyan">
         <name>.infoA</name>
         <run_address>0x0</run_address>
         <size>0x0</size>
         <contents>
         </contents>
      </logical_group>
      <logical_group id="lg-12" display="no" color="cyan">
         <name>.infoB</name>
         <run_address>0x0</run_address>
         <size>0x0</size>
         <contents>
         </contents>
      </logical_group>
      <logical_group id="lg-13" display="no" color="cyan">
         <name>.infoC</name>
         <run_address>0x0</run_address>
         <size>0x0</size>
         <contents>
         </contents>
      </logical_group>
      <logical_group id="lg-14" display="no" color="cyan">
         <name>.infoD</name>
         <run_address>0x0</run_address>
         <size>0x0</size>
         <contents>
         </contents>
      </logical_group>
      <logical_group id="lg-15" display="no" color="cyan">
         <name>.int00</name>
         <run_address>0x0</run_address>
         <size>0x0</size>
         <contents>
         </contents>
      </logical_group>
      <logical_group id="lg-16" display="no" color="cyan">
         <name>.int01</name>
         <run_address>0x0</run_address>
         <size>0x0</size>
         <contents>
         </contents>
      </logical_group>
      <logical_group id="lg-17" display="no" color="cyan">
         <name>PORT1</name>
         <load_address>0xffe4</load_address>
         <run_address>0xffe4</run_address>
         <size>0x2</size>
         <contents>
            <object_component_ref idref="oc-38"/>
         </contents>
      </logical_group>
      <logical_group id="lg-19" display="no" color="cyan">
         <name>PORT2</name>
         <load_address>0xffe6</load_address>
         <run_address>0xffe6</run_address>
         <size>0x2</size>
         <contents>
            <object_component_ref idref="oc-39"/>
         </contents>
      </logical_group>
      <logical_group id="lg-1b" display="no" color="cyan">
         <name>.int04</name>
         <run_address>0x0</run_address>
         <size>0x0</size>
         <contents>
         </contents>
      </logical_group>
      <logical_group id="lg-1c" display="no" color="cyan">
         <name>.int05</name>
         <run_address>0x0</run_address>
         <size>0x0</size>
         <contents>
         </contents>
      </logical_group>
      <logical_group id="lg-1d" display="no" color="cyan">
         <name>.int06</name>
         <run_address>0x0</run_address>
         <size>0x0</size>
         <contents>
         </contents>
      </logical_group>
      <logical_group id="lg-1e" display="no" color="cyan">
         <name>.int07</name>
         <run_address>0x0</run_address>
         <size>0x0</size>
         <contents>
         </contents>
      </logical_group>
      <logical_group id="lg-1f" display="no" color="cyan">
         <name>TIMERA1</name>
         <load_address>0xfff0</load_address>
         <run_address>0xfff0</run_address>
         <size>0x2</size>
         <contents>
            <object_component_ref idref="oc-3a"/>
         </contents>
      </logical_group>
      <logical_group id="lg-21" display="no" color="cyan">
         <name>TIMERA0</name>
         <load_address>0xfff2</load_address>
         <run_address>0xfff2</run_address>
         <size>0x2</size>
         <contents>
            <object_component_ref idref="oc-3b"/>
         </contents>
      </logical_group>
      <logical_group id="lg-23" display="no" color="cyan">
         <name>WDT</name>
         <load_address>0xfff4</load_address>
         <run_address>0xfff4</run_address>
         <size>0x2</size>
         <contents>
            <object_component_ref idref="oc-3c"/>
         </contents>
      </logical_group>
      <logical_group id="lg-25" display="no" color="cyan">
         <name>.int11</name>
         <run_address>0x0</run_address>
         <size>0x0</size>
         <contents>
         </contents>
      </logical_group>
      <logical_group id="lg-26" display="no" color="cyan">
         <name>.int12</name>
         <run_address>0x0</run_address>
         <size>0x0</size>
         <contents>
         </contents>
      </logical_group>
      <logical_group id="lg-27" display="no" color="cyan">
         <name>.int13</name>
         <run_address>0x0</run_address>
         <size>0x0</size>
         <contents>
         </contents>
      </logical_group>
      <logical_group id="lg-28" display="no" color="cyan">
         <name>NMI</name>
         <load_address>0xfffc</load_address>
         <run_address>0xfffc</run_address>
         <size>0x2</size>
         <contents>
            <object_component_ref idref="oc-3d"/>
         </contents>
      </logical_group>
      <logical_group id="lg-2a" display="no" color="cyan">
         <name>.reset</name>
         <load_address>0xfffe</load_address>
         <run_address>0xfffe</run_address>
         <size>0x2</size>
         <contents>
            <object_component_ref idref="oc-a6"/>
         </contents>
      </logical_group>
      <logical_group id="lg-18f" display="no" color="cyan">
         <name>.TI.persistent</name>
         <run_address>0x0</run_address>
         <size>0x0</size>
         <contents>
         </contents>
      </logical_group>
      <logical_group id="lg-1b5" display="never" color="cyan">
         <name>.debug_info</name>
         <load_address>0x0</load_address>
         <run_address>0x0</run_address>
         <size>0x7fc</size>
         <contents>
            <object_component_ref idref="oc-fb"/>
            <object_component_ref idref="oc-bc"/>
            <object_component_ref idref="oc-a4"/>
            <object_component_ref idref="oc-75"/>
            <object_component_ref idref="oc-104"/>
            <object_component_ref idref="oc-d0"/>
            <object_component_ref idref="oc-dc"/>
            <object_component_ref idref="oc-1c7"/>
         </contents>
      </logical_group>
      <logical_group id="lg-1b7" display="never" color="cyan">
         <name>.debug_line</name>
         <load_address>0x0</load_address>
         <run_address>0x0</run_address>
         <size>0x18a</size>
         <contents>
            <object_component_ref idref="oc-fe"/>
            <object_component_ref idref="oc-bf"/>
            <object_component_ref idref="oc-10f"/>
            <object_component_ref idref="oc-79"/>
            <object_component_ref idref="oc-107"/>
            <object_component_ref idref="oc-d2"/>
            <object_component_ref idref="oc-df"/>
         </contents>
      </logical_group>
      <logical_group id="lg-1b9" display="never" color="cyan">
         <name>.debug_frame</name>
         <load_address>0x0</load_address>
         <run_address>0x0</run_address>
         <size>0xdf</size>
         <contents>
            <object_component_ref idref="oc-ff"/>
            <object_component_ref idref="oc-78"/>
            <object_component_ref idref="oc-103"/>
            <object_component_ref idref="oc-db"/>
         </contents>
      </logical_group>
      <logical_group id="lg-1bb" display="never" color="cyan">
         <name>.debug_abbrev</name>
         <load_address>0x0</load_address>
         <run_address>0x0</run_address>
         <size>0x1c3</size>
         <contents>
            <object_component_ref idref="oc-14d"/>
            <object_component_ref idref="oc-be"/>
            <object_component_ref idref="oc-10e"/>
            <object_component_ref idref="oc-10c"/>
            <object_component_ref idref="oc-14e"/>
            <object_component_ref idref="oc-127"/>
            <object_component_ref idref="oc-12a"/>
            <object_component_ref idref="oc-1c8"/>
         </contents>
      </logical_group>
      <logical_group id="lg-1bd" display="never" color="cyan">
         <name>.debug_str</name>
         <load_address>0x0</load_address>
         <run_address>0x0</run_address>
         <size>0xfa</size>
         <contents>
            <object_component_ref idref="oc-c0"/>
         </contents>
      </logical_group>
      <logical_group id="lg-1bf" display="never" color="cyan">
         <name>.debug_aranges</name>
         <load_address>0x0</load_address>
         <run_address>0x0</run_address>
         <size>0xa0</size>
         <contents>
            <object_component_ref idref="oc-fc"/>
            <object_component_ref idref="oc-76"/>
            <object_component_ref idref="oc-106"/>
            <object_component_ref idref="oc-cf"/>
            <object_component_ref idref="oc-dd"/>
         </contents>
      </logical_group>
      <logical_group id="lg-1c1" display="never" color="cyan">
         <name>.debug_pubnames</name>
         <load_address>0x0</load_address>
         <run_address>0x0</run_address>
         <size>0xda</size>
         <contents>
            <object_component_ref idref="oc-fd"/>
            <object_component_ref idref="oc-a5"/>
            <object_component_ref idref="oc-77"/>
            <object_component_ref idref="oc-105"/>
            <object_component_ref idref="oc-d1"/>
            <object_component_ref idref="oc-de"/>
         </contents>
      </logical_group>
      <logical_group id="lg-1c3" display="never" color="cyan">
         <name>.debug_pubtypes</name>
         <load_address>0x0</load_address>
         <run_address>0x0</run_address>
         <size>0xed</size>
         <contents>
            <object_component_ref idref="oc-bd"/>
         </contents>
      </logical_group>
      <load_segment id="lg-1c9" display="no" color="cyan">
         <name>SEGMENT_0</name>
         <run_address>0x24c</run_address>
         <size>0x32</size>
         <flags>0x6</flags>
         <contents>
            <logical_group_ref idref="lg-6"/>
         </contents>
      </load_segment>
      <load_segment id="lg-1ca" display="no" color="cyan">
         <name>SEGMENT_1</name>
         <load_address>0xf800</load_address>
         <run_address>0xf800</run_address>
         <size>0x2e</size>
         <flags>0x5</flags>
         <contents>
            <logical_group_ref idref="lg-7"/>
         </contents>
      </load_segment>
      <load_segment id="lg-1cb" display="no" color="cyan">
         <name>SEGMENT_2</name>
         <load_address>0xffe4</load_address>
         <run_address>0xffe4</run_address>
         <size>0x4</size>
         <flags>0x4</flags>
         <contents>
            <logical_group_ref idref="lg-17"/>
            <logical_group_ref idref="lg-19"/>
         </contents>
      </load_segment>
      <load_segment id="lg-1cc" display="no" color="cyan">
         <name>SEGMENT_3</name>
         <load_address>0xfff0</load_address>
         <run_address>0xfff0</run_address>
         <size>0x6</size>
         <flags>0x4</flags>
         <contents>
            <logical_group_ref idref="lg-1f"/>
            <logical_group_ref idref="lg-21"/>
            <logical_group_ref idref="lg-23"/>
         </contents>
      </load_segment>
      <load_segment id="lg-1cd" display="no" color="cyan">
         <name>SEGMENT_4</name>
         <load_address>0xfffc</load_address>
         <run_address>0xfffc</run_address>
         <size>0x4</size>
         <flags>0x4</flags>
         <contents>
            <logical_group_ref idref="lg-28"/>
            <logical_group_ref idref="lg-2a"/>
         </contents>
      </load_segment>
   </logical_group_list>
   <placement_map>
      <memory_area display="no" color="green">
         <name>SFR</name>
         <page_id>0x0</page_id>
         <origin>0x0</origin>
         <length>0x10</length>
         <used_space>0x0</used_space>
         <unused_space>0x10</unused_space>
         <attributes>RWIX</attributes>
         <usage_details>
         </usage_details>
      </memory_area>
      <memory_area display="yes" color="green">
         <name>PERIPHERALS_8BIT</name>
         <page_id>0x0</page_id>
         <origin>0x10</origin>
         <length>0xf0</length>
         <used_space>0x0</used_space>
         <unused_space>0xf0</unused_space>
         <attributes>RWIX</attributes>
         <usage_details>
         </usage_details>
      </memory_area>
      <memory_area display="yes" color="green">
         <name>PERIPHERALS_16BIT</name>
         <page_id>0x0</page_id>
         <origin>0x100</origin>
         <length>0x100</length>
         <used_space>0x0</used_space>
         <unused_space>0x100</unused_space>
         <attributes>RWIX</attributes>
         <usage_details>
         </usage_details>
      </memory_area>
      <memory_area display="yes" color="green">
         <name>RAM</name>
         <page_id>0x0</page_id>
         <origin>0x200</origin>
         <length>0x80</length>
         <used_space>0x32</used_space>
         <unused_space>0x4e</unused_space>
         <attributes>RWIX</attributes>
         <usage_details>
            <available_space>
               <start_address>0x200</start_address>
               <size>0x4c</size>
            </available_space>
            <allocated_space>
               <start_address>0x24c</start_address>
               <size>0x32</size>
               <logical_group_ref idref="lg-6"/>
            </allocated_space>
            <available_space>
               <start_address>0x27e</start_address>
               <size>0x2</size>
            </available_space>
         </usage_details>
      </memory_area>
      <memory_area display="no" color="green">
         <name>INFOD</name>
         <page_id>0x0</page_id>
         <origin>0x1000</origin>
         <length>0x40</length>
         <used_space>0x0</used_space>
         <unused_space>0x40</unused_space>
         <attributes>RWIX</attributes>
         <usage_details>
         </usage_details>
      </memory_area>
      <memory_area display="no" color="green">
         <name>INFOC</name>
         <page_id>0x0</page_id>
         <origin>0x1040</origin>
         <length>0x40</length>
         <used_space>0x0</used_space>
         <unused_space>0x40</unused_space>
         <attributes>RWIX</attributes>
         <usage_details>
         </usage_details>
      </memory_area>
      <memory_area display="no" color="green">
         <name>INFOB</name>
         <page_id>0x0</page_id>
         <origin>0x1080</origin>
         <length>0x40</length>
         <used_space>0x0</used_space>
         <unused_space>0x40</unused_space>
         <attributes>RWIX</attributes>
         <usage_details>
         </usage_details>
      </memory_area>
      <memory_area display="no" color="green">
         <name>INFOA</name>
         <page_id>0x0</page_id>
         <origin>0x10c0</origin>
         <length>0x40</length>
         <used_space>0x0</used_space>
         <unused_space>0x40</unused_space>
         <attributes>RWIX</attributes>
         <usage_details>
         </usage_details>
      </memory_area>
      <memory_area display="yes" color="green">
         <name>FLASH</name>
         <page_id>0x0</page_id>
         <origin>0xf800</origin>
         <length>0x7e0</length>
         <used_space>0x2e</used_space>
         <unused_space>0x7b2</unused_space>
         <attributes>RWIX</attributes>
         <usage_details>
            <allocated_space>
               <start_address>0xf800</start_address>
               <size>0x0</size>
               <logical_group_ref idref="lg-c"/>
            </allocated_space>
            <allocated_space>
               <start_address>0xf800</start_address>
               <size>0x2e</size>
               <logical_group_ref idref="lg-7"/>
            </allocated_space>
            <available_space>
               <start_address>0xf82e</start_address>
               <size>0x7b2</size>
            </available_space>
         </usage_details>
      </memory_area>
      <memory_area display="no" color="green">
         <name>INT00</name>
         <page_id>0x0</page_id>
         <origin>0xffe0</origin>
         <length>0x2</length>
         <used_space>0x0</used_space>
         <unused_space>0x2</unused_space>
         <attributes>RWIX</attributes>
         <usage_details>
         </usage_details>
      </memory_area>
      <memory_area display="no" color="green">
         <name>INT01</name>
         <page_id>0x0</page_id>
         <origin>0xffe2</origin>
         <length>0x2</length>
         <used_space>0x0</used_space>
         <unused_space>0x2</unused_space>
         <attributes>RWIX</attributes>
         <usage_details>
         </usage_details>
      </memory_area>
      <memory_area display="no" color="green">
         <name>INT02</name>
         <page_id>0x0</page_id>
         <origin>0xffe4</origin>
         <length>0x2</length>
         <used_space>0x2</used_space>
         <unused_space>0x0</unused_space>
         <attributes>RWIX</attributes>
         <usage_details>
            <allocated_space>
               <start_address>0xffe4</start_address>
               <size>0x2</size>
               <logical_group_ref idref="lg-17"/>
            </allocated_space>
         </usage_details>
      </memory_area>
      <memory_area display="no" color="green">
         <name>INT03</name>
         <page_id>0x0</page_id>
         <origin>0xffe6</origin>
         <length>0x2</length>
         <used_space>0x2</used_space>
         <unused_space>0x0</unused_space>
         <attributes>RWIX</attributes>
         <usage_details>
            <allocated_space>
               <start_address>0xffe6</start_address>
               <size>0x2</size>
               <logical_group_ref idref="lg-19"/>
            </allocated_space>
         </usage_details>
      </memory_area>
      <memory_area display="no" color="green">
         <name>INT04</name>
         <page_id>0x0</page_id>
         <origin>0xffe8</origin>
         <length>0x2</length>
         <used_space>0x0</used_space>
         <unused_space>0x2</unused_space>
         <attributes>RWIX</attributes>
         <usage_details>
         </usage_details>
      </memory_area>
      <memory_area display="no" color="green">
         <name>INT05</name>
         <page_id>0x0</page_id>
         <origin>0xffea</origin>
         <length>0x2</length>
         <used_space>0x0</used_space>
         <unused_space>0x2</unused_space>
         <attributes>RWIX</attributes>
         <usage_details>
         </usage_details>
      </memory_area>
      <memory_area display="no" color="green">
         <name>INT06</name>
         <page_id>0x0</page_id>
         <origin>0xffec</origin>
         <length>0x2</length>
         <used_space>0x0</used_space>
         <unused_space>0x2</unused_space>
         <attributes>RWIX</attributes>
         <usage_details>
         </usage_details>
      </memory_area>
      <memory_area display="no" color="green">
         <name>INT07</name>
         <page_id>0x0</page_id>
         <origin>0xffee</origin>
         <length>0x2</length>
         <used_space>0x0</used_space>
         <unused_space>0x2</unused_space>
         <attributes>RWIX</attributes>
         <usage_details>
         </usage_details>
      </memory_area>
      <memory_area display="no" color="green">
         <name>INT08</name>
         <page_id>0x0</page_id>
         <origin>0xfff0</origin>
         <length>0x2</length>
         <used_space>0x2</used_space>
         <unused_space>0x0</unused_space>
         <attributes>RWIX</attributes>
         <usage_details>
            <allocated_space>
               <start_address>0xfff0</start_address>
               <size>0x2</size>
               <logical_group_ref idref="lg-1f"/>
            </allocated_space>
         </usage_details>
      </memory_area>
      <memory_area display="no" color="green">
         <name>INT09</name>
         <page_id>0x0</page_id>
         <origin>0xfff2</origin>
         <length>0x2</length>
         <used_space>0x2</used_space>
         <unused_space>0x0</unused_space>
         <attributes>RWIX</attributes>
         <usage_details>
            <allocated_space>
               <start_address>0xfff2</start_address>
               <size>0x2</size>
               <logical_group_ref idref="lg-21"/>
            </allocated_space>
         </usage_details>
      </memory_area>
      <memory_area display="no" color="green">
         <name>INT10</name>
         <page_id>0x0</page_id>
         <origin>0xfff4</origin>
         <length>0x2</length>
         <used_space>0x2</used_space>
         <unused_space>0x0</unused_space>
         <attributes>RWIX</attributes>
         <usage_details>
            <allocated_space>
               <start_address>0xfff4</start_address>
               <size>0x2</size>
               <logical_group_ref idref="lg-23"/>
            </allocated_space>
         </usage_details>
      </memory_area>
      <memory_area display="no" color="green">
         <name>INT11</name>
         <page_id>0x0</page_id>
         <origin>0xfff6</origin>
         <length>0x2</length>
         <used_space>0x0</used_space>
         <unused_space>0x2</unused_space>
         <attributes>RWIX</attributes>
         <usage_details>
         </usage_details>
      </memory_area>
      <memory_area display="no" color="green">
         <name>INT12</name>
         <page_id>0x0</page_id>
         <origin>0xfff8</origin>
         <length>0x2</length>
         <used_space>0x0</used_space>
         <unused_space>0x2</unused_space>
         <attributes>RWIX</attributes>
         <usage_details>
         </usage_details>
      </memory_area>
      <memory_area display="no" color="green">
         <name>INT13</name>
         <page_id>0x0</page_id>
         <origin>0xfffa</origin>
         <length>0x2</length>
         <used_space>0x0</used_space>
         <unused_space>0x2</unused_space>
         <attributes>RWIX</attributes>
         <usage_details>
         </usage_details>
      </memory_area>
      <memory_area display="no" color="green">
         <name>INT14</name>
         <page_id>0x0</page_id>
         <origin>0xfffc</origin>
         <length>0x2</length>
         <used_space>0x2</used_space>
         <unused_space>0x0</unused_space>
         <attributes>RWIX</attributes>
         <usage_details>
            <allocated_space>
               <start_address>0xfffc</start_address>
               <size>0x2</size>
               <logical_group_ref idref="lg-28"/>
            </allocated_space>
         </usage_details>
      </memory_area>
      <memory_area display="no" color="green">
         <name>RESET</name>
         <page_id>0x0</page_id>
         <origin>0xfffe</origin>
         <length>0x2</length>
         <used_space>0x2</used_space>
         <unused_space>0x0</unused_space>
         <attributes>RWIX</attributes>
         <usage_details>
            <allocated_space>
               <start_address>0xfffe</start_address>
               <size>0x2</size>
               <logical_group_ref idref="lg-2a"/>
            </allocated_space>
         </usage_details>
      </memory_area>
   </placement_map>
   <symbol_table>
      <symbol id="sm-1">
         <name>IE1</name>
         <value>0x0</value>
      </symbol>
      <symbol id="sm-2">
         <name>IFG1</name>
         <value>0x2</value>
      </symbol>
      <symbol id="sm-3">
         <name>DCOCTL</name>
         <value>0x56</value>
      </symbol>
      <symbol id="sm-4">
         <name>BCSCTL1</name>
         <value>0x57</value>
      </symbol>
      <symbol id="sm-5">
         <name>BCSCTL2</name>
         <value>0x58</value>
      </symbol>
      <symbol id="sm-6">
         <name>BCSCTL3</name>
         <value>0x53</value>
      </symbol>
      <symbol id="sm-7">
         <name>FCTL1</name>
         <value>0x128</value>
      </symbol>
      <symbol id="sm-8">
         <name>FCTL2</name>
         <value>0x12a</value>
      </symbol>
      <symbol id="sm-9">
         <name>FCTL3</name>
         <value>0x12c</value>
      </symbol>
      <symbol id="sm-a">
         <name>P1IN</name>
         <value>0x20</value>
      </symbol>
      <symbol id="sm-b">
         <name>P1OUT</name>
         <value>0x21</value>
      </symbol>
      <symbol id="sm-c">
         <name>P1DIR</name>
         <value>0x22</value>
      </symbol>
      <symbol id="sm-d">
         <name>P1IFG</name>
         <value>0x23</value>
      </symbol>
      <symbol id="sm-e">
         <name>P1IES</name>
         <value>0x24</value>
      </symbol>
      <symbol id="sm-f">
         <name>P1IE</name>
         <value>0x25</value>
      </symbol>
      <symbol id="sm-10">
         <name>P1SEL</name>
         <value>0x26</value>
      </symbol>
      <symbol id="sm-11">
         <name>P1REN</name>
         <value>0x27</value>
      </symbol>
      <symbol id="sm-12">
         <name>P2IN</name>
         <value>0x28</value>
      </symbol>
      <symbol id="sm-13">
         <name>P2OUT</name>
         <value>0x29</value>
      </symbol>
      <symbol id="sm-14">
         <name>P2DIR</name>
         <value>0x2a</value>
      </symbol>
      <symbol id="sm-15">
         <name>P2IFG</name>
         <value>0x2b</value>
      </symbol>
      <symbol id="sm-16">
         <name>P2IES</name>
         <value>0x2c</value>
      </symbol>
      <symbol id="sm-17">
         <name>P2IE</name>
         <value>0x2d</value>
      </symbol>
      <symbol id="sm-18">
         <name>P2SEL</name>
         <value>0x2e</value>
      </symbol>
      <symbol id="sm-19">
         <name>P2REN</name>
         <value>0x2f</value>
      </symbol>
      <symbol id="sm-1a">
         <name>TAIV</name>
         <value>0x12e</value>
      </symbol>
      <symbol id="sm-1b">
         <name>TACTL</name>
         <value>0x160</value>
      </symbol>
      <symbol id="sm-1c">
         <name>TACCTL0</name>
         <value>0x162</value>
      </symbol>
      <symbol id="sm-1d">
         <name>TACCTL1</name>
         <value>0x164</value>
      </symbol>
      <symbol id="sm-1e">
         <name>TAR</name>
         <value>0x170</value>
      </symbol>
      <symbol id="sm-1f">
         <name>TACCR0</name>
         <value>0x172</value>
      </symbol>
      <symbol id="sm-20">
         <name>TACCR1</name>
         <value>0x174</value>
      </symbol>
      <symbol id="sm-21">
         <name>WDTCTL</name>
         <value>0x120</value>
      </symbol>
      <symbol id="sm-22">
         <name>CALDCO_1MHZ</name>
         <value>0x10fe</value>
      </symbol>
      <symbol id="sm-23">
         <name>CALBC1_1MHZ</name>
         <value>0x10ff</value>
      </symbol>
      <symbol id="sm-24">
         <name>__STACK_SIZE</name>
         <value>0x32</value>
      </symbol>
      <symbol id="sm-25">
         <name>__STACK_END</name>
         <value>0x27e</value>
      </symbol>
      <symbol id="sm-26">
         <name>__c_args__</name>
         <value>0xffffffff</value>
      </symbol>
      <symbol id="sm-27">
         <name>__TI_pprof_out_hndl</name>
         <value>0xffffffff</value>
      </symbol>
      <symbol id="sm-28">
         <name>__TI_prof_data_start</name>
         <value>0xffffffff</value>
      </symbol>
      <symbol id="sm-29">
         <name>__TI_prof_data_size</name>
         <value>0xffffffff</value>
      </symbol>
      <symbol id="sm-63">
         <name>main</name>
         <value>0xf812</value>
         <object_component_ref idref="oc-fa"/>
      </symbol>
      <symbol id="sm-6c">
         <name>_stack</name>
         <value>0x24c</value>
         <object_component_ref idref="oc-a3"/>
      </symbol>
      <symbol id="sm-6d">
         <name>_reset_vector</name>
         <value>0xfffe</value>
         <object_component_ref idref="oc-a6"/>
      </symbol>
      <symbol id="sm-76">
         <name>_c_int00_noinit_noargs_noexit</name>
         <value>0xf800</value>
         <object_component_ref idref="oc-74"/>
      </symbol>
      <symbol id="sm-84">
         <name>C$$EXIT</name>
         <value>0xf824</value>
         <object_component_ref idref="oc-102"/>
      </symbol>
      <symbol id="sm-85">
         <name>abort</name>
         <value>0xf824</value>
         <object_component_ref idref="oc-102"/>
      </symbol>
      <symbol id="sm-89">
         <name>__TI_int02</name>
         <value>0xffe4</value>
         <object_component_ref idref="oc-38"/>
      </symbol>
      <symbol id="sm-8c">
         <name>__TI_int03</name>
         <value>0xffe6</value>
         <object_component_ref idref="oc-39"/>
      </symbol>
      <symbol id="sm-8f">
         <name>__TI_int08</name>
         <value>0xfff0</value>
         <object_component_ref idref="oc-3a"/>
      </symbol>
      <symbol id="sm-92">
         <name>__TI_int09</name>
         <value>0xfff2</value>
         <object_component_ref idref="oc-3b"/>
      </symbol>
      <symbol id="sm-95">
         <name>__TI_int10</name>
         <value>0xfff4</value>
         <object_component_ref idref="oc-3c"/>
      </symbol>
      <symbol id="sm-98">
         <name>__TI_int14</name>
         <value>0xfffc</value>
         <object_component_ref idref="oc-3d"/>
      </symbol>
      <symbol id="sm-a0">
         <name>__TI_ISR_TRAP</name>
         <value>0xf81c</value>
         <object_component_ref idref="oc-ce"/>
      </symbol>
      <symbol id="sm-ad">
         <name>_system_pre_init</name>
         <value>0xf82a</value>
         <object_component_ref idref="oc-da"/>
      </symbol>
   </symbol_table>
   <title>Link successful</title>
</link_info>
